質問１,回答１
質問２,回答２
質問３,回答３
質問４,回答４
質問５,回答５
質問６,回答６
質問７,回答７
質問８,回答８
質問９,回答９
質問１０,回答１０
質問１１,回答１１
質問１２,回答１２
質問１３,回答１３
質問１４,回答１４
質問１５,回答１５
質問１６,回答１６
質問１７,回答１７
質問１８,回答１８
質問１９,回答１９
質問２０,回答２０
質問２１,回答２１
質問２２,回答２２
質問２３,回答２３
質問２４,回答２４
質問２５,回答２５
質問２６,回答２６
質問２７,回答２７
質問２８,回答２８
質問２９,回答２９
質問３０,回答３０
質問３１,回答３１
質問３２,回答３２
質問３３,回答３３
質問３４,回答３４
質問３５,回答３５
質問３６,回答３６
質問３７,回答３７
質問３８,回答３８
質問３９,回答３９
質問４０,回答４０
質問４１,回答４１
質問４２,回答４２
質問４３,回答４３
質問４４,回答４４
質問４５,回答４５
質問４６,回答４６
質問４７,回答４７
質問４８,回答４８
質問４９,回答４９
質問５０,回答５０
質問５１,回答５１
質問５２,回答５２
質問５３,回答５３
質問５４,回答５４
質問５５,回答５５
質問５６,回答５６
質問５７,回答５７
質問５８,回答５８
質問５９,回答５９
質問６０,回答６０
質問６１,回答６１
質問６２,回答６２
質問６３,回答６３
質問６４,回答６４
質問６５,回答６５
質問６６,回答６６
質問６７,回答６７
質問６８,回答６８
質問６９,回答６９
質問７０,回答７０
質問７１,回答７１
質問７２,回答７２
質問７３,回答７３
質問７４,回答７４
質問７５,回答７５
質問７６,回答７６
質問７７,回答７７
質問７８,回答７８
質問７９,回答７９
質問８０,回答８０
質問８１,回答８１
質問８２,回答８２
質問８３,回答８３
質問８４,回答８４
質問８５,回答８５
質問８６,回答８６
質問８７,回答８７
質問８８,回答８８
質問８９,回答８９
質問９０,回答９０
質問９１,回答９１
質問９２,回答９２
質問９３,回答９３
質問９４,回答９４
質問９５,回答９５
質問９６,回答９６
質問９７,回答９７
質問９８,回答９８
質問９９,回答９９
質問１００,回答１００
質問１０１,回答１０１
質問１０２,回答１０２
質問１０３,回答１０３
質問１０４,回答１０４
質問１０５,回答１０５
質問１０６,回答１０６
質問１０７,回答１０７
質問１０８,回答１０８
質問１０９,回答１０９
質問１１０,回答１１０
質問１１１,回答１１１
質問１１２,回答１１２
質問１１３,回答１１３
質問１１４,回答１１４
質問１１５,回答１１５
質問１１６,回答１１６
質問１１７,回答１１７
質問１１８,回答１１８
質問１１９,回答１１９
質問１２０,回答１２０
質問１２１,回答１２１
質問１２２,回答１２２
質問１２３,回答１２３
質問１２４,回答１２４
質問１２５,回答１２５
質問１２６,回答１２６
質問１２７,回答１２７
質問１２８,回答１２８
質問１２９,回答１２９
質問１３０,回答１３０
質問１３１,回答１３１
質問１３２,回答１３２
質問１３３,回答１３３
質問１３４,回答１３４
質問１３５,回答１３５
質問１３６,回答１３６
質問１３７,回答１３７
質問１３８,回答１３８
質問１３９,回答１３９
質問１４０,回答１４０
質問１４１,回答１４１
質問１４２,回答１４２
質問１４３,回答１４３
質問１４４,回答１４４
質問１４５,回答１４５
質問１４６,回答１４６
質問１４７,回答１４７
質問１４８,回答１４８
質問１４９,回答１４９
質問１５０,回答１５０
質問１５１,回答１５１
質問１５２,回答１５２
質問１５３,回答１５３
質問１５４,回答１５４
質問１５５,回答１５５
質問１５６,回答１５６
質問１５７,回答１５７
質問１５８,回答１５８
質問１５９,回答１５９
質問１６０,回答１６０
質問１６１,回答１６１
質問１６２,回答１６２
質問１６３,回答１６３
質問１６４,回答１６４
質問１６５,回答１６５
質問１６６,回答１６６
質問１６７,回答１６７
質問１６８,回答１６８
質問１６９,回答１６９
質問１７０,回答１７０
質問１７１,回答１７１
質問１７２,回答１７２
質問１７３,回答１７３
質問１７４,回答１７４
質問１７５,回答１７５
質問１７６,回答１７６
質問１７７,回答１７７
質問１７８,回答１７８
質問１７９,回答１７９
質問１８０,回答１８０
質問１８１,回答１８１
質問１８２,回答１８２
質問１８３,回答１８３
質問１８４,回答１８４
質問１８５,回答１８５
質問１８６,回答１８６
質問１８７,回答１８７
質問１８８,回答１８８
質問１８９,回答１８９
質問１９０,回答１９０
質問１９１,回答１９１
質問１９２,回答１９２
質問１９３,回答１９３
質問１９４,回答１９４
質問１９５,回答１９５
質問１９６,回答１９６
質問１９７,回答１９７
質問１９８,回答１９８
質問１９９,回答１９９
質問２００,回答２００
質問２０１,回答２０１
質問２０２,回答２０２
質問２０３,回答２０３
質問２０４,回答２０４
質問２０５,回答２０５
質問２０６,回答２０６
質問２０７,回答２０７
質問２０８,回答２０８
質問２０９,回答２０９
質問２１０,回答２１０
質問２１１,回答２１１
質問２１２,回答２１２
質問２１３,回答２１３
質問２１４,回答２１４
質問２１５,回答２１５
質問２１６,回答２１６
質問２１７,回答２１７
質問２１８,回答２１８
質問２１９,回答２１９
質問２２０,回答２２０
質問２２１,回答２２１
質問２２２,回答２２２
質問２２３,回答２２３
質問２２４,回答２２４
質問２２５,回答２２５
質問２２６,回答２２６
質問２２７,回答２２７
質問２２８,回答２２８
質問２２９,回答２２９
質問２３０,回答２３０
質問２３１,回答２３１
質問２３２,回答２３２
質問２３３,回答２３３
質問２３４,回答２３４
質問２３５,回答２３５
質問２３６,回答２３６
質問２３７,回答２３７
質問２３８,回答２３８
質問２３９,回答２３９
質問２４０,回答２４０
質問２４１,回答２４１
質問２４２,回答２４２
質問２４３,回答２４３
質問２４４,回答２４４
質問２４５,回答２４５
質問２４６,回答２４６
質問２４７,回答２４７
質問２４８,回答２４８
質問２４９,回答２４９
質問２５０,回答２５０
質問２５１,回答２５１
質問２５２,回答２５２
質問２５３,回答２５３
質問２５４,回答２５４
質問２５５,回答２５５
質問２５６,回答２５６
質問２５７,回答２５７
質問２５８,回答２５８
質問２５９,回答２５９
質問２６０,回答２６０
質問２６１,回答２６１
質問２６２,回答２６２
質問２６３,回答２６３
質問２６４,回答２６４
質問２６５,回答２６５
質問２６６,回答２６６
質問２６７,回答２６７
質問２６８,回答２６８
質問２６９,回答２６９
質問２７０,回答２７０
質問２７１,回答２７１
質問２７２,回答２７２
質問２７３,回答２７３
質問２７４,回答２７４
質問２７５,回答２７５
質問２７６,回答２７６
質問２７７,回答２７７
質問２７８,回答２７８
質問２７９,回答２７９
質問２８０,回答２８０
質問２８１,回答２８１
質問２８２,回答２８２
質問２８３,回答２８３
質問２８４,回答２８４
質問２８５,回答２８５
質問２８６,回答２８６
質問２８７,回答２８７
質問２８８,回答２８８
質問２８９,回答２８９
質問２９０,回答２９０
質問２９１,回答２９１
質問２９２,回答２９２
質問２９３,回答２９３
質問２９４,回答２９４
質問２９５,回答２９５
質問２９６,回答２９６
質問２９７,回答２９７
質問２９８,回答２９８
質問２９９,回答２９９
質問３００,回答３００
質問３０１,回答３０１
質問３０２,回答３０２
質問３０３,回答３０３
質問３０４,回答３０４
質問３０５,回答３０５
質問３０６,回答３０６
質問３０７,回答３０７
質問３０８,回答３０８
質問３０９,回答３０９
質問３１０,回答３１０
質問３１１,回答３１１
質問３１２,回答３１２
質問３１３,回答３１３
質問３１４,回答３１４
質問３１５,回答３１５
質問３１６,回答３１６
質問３１７,回答３１７
質問３１８,回答３１８
質問３１９,回答３１９
質問３２０,回答３２０
質問３２１,回答３２１
質問３２２,回答３２２
質問３２３,回答３２３
質問３２４,回答３２４
質問３２５,回答３２５
質問３２６,回答３２６
質問３２７,回答３２７
質問３２８,回答３２８
質問３２９,回答３２９
質問３３０,回答３３０
質問３３１,回答３３１
質問３３２,回答３３２
質問３３３,回答３３３
質問３３４,回答３３４
質問３３５,回答３３５
質問３３６,回答３３６
質問３３７,回答３３７
質問３３８,回答３３８
質問３３９,回答３３９
質問３４０,回答３４０
質問３４１,回答３４１
質問３４２,回答３４２
質問３４３,回答３４３
質問３４４,回答３４４
質問３４５,回答３４５
質問３４６,回答３４６
質問３４７,回答３４７
質問３４８,回答３４８
質問３４９,回答３４９
質問３５０,回答３５０
質問３５１,回答３５１
質問３５２,回答３５２
質問３５３,回答３５３
質問３５４,回答３５４
質問３５５,回答３５５
質問３５６,回答３５６
質問３５７,回答３５７
質問３５８,回答３５８
質問３５９,回答３５９
質問３６０,回答３６０
質問３６１,回答３６１
質問３６２,回答３６２
質問３６３,回答３６３
質問３６４,回答３６４
質問３６５,回答３６５
質問３６６,回答３６６
質問３６７,回答３６７
質問３６８,回答３６８
質問３６９,回答３６９
質問３７０,回答３７０
質問３７１,回答３７１
質問３７２,回答３７２
質問３７３,回答３７３
質問３７４,回答３７４
質問３７５,回答３７５
質問３７６,回答３７６
質問３７７,回答３７７
質問３７８,回答３７８
質問３７９,回答３７９
質問３８０,回答３８０
質問３８１,回答３８１
質問３８２,回答３８２
質問３８３,回答３８３
質問３８４,回答３８４
質問３８５,回答３８５
質問３８６,回答３８６
質問３８７,回答３８７
質問３８８,回答３８８
質問３８９,回答３８９
質問３９０,回答３９０
質問３９１,回答３９１
質問３９２,回答３９２
質問３９３,回答３９３
質問３９４,回答３９４
質問３９５,回答３９５
質問３９６,回答３９６
質問３９７,回答３９７
質問３９８,回答３９８
質問３９９,回答３９９
質問４００,回答４００
質問４０１,回答４０１
質問４０２,回答４０２
質問４０３,回答４０３
質問４０４,回答４０４
質問４０５,回答４０５
質問４０６,回答４０６
質問４０７,回答４０７
質問４０８,回答４０８
質問４０９,回答４０９
質問４１０,回答４１０
質問４１１,回答４１１
質問４１２,回答４１２
質問４１３,回答４１３
質問４１４,回答４１４
質問４１５,回答４１５
質問４１６,回答４１６
質問４１７,回答４１７
質問４１８,回答４１８
質問４１９,回答４１９
質問４２０,回答４２０
質問４２１,回答４２１
質問４２２,回答４２２
質問４２３,回答４２３
質問４２４,回答４２４
質問４２５,回答４２５
質問４２６,回答４２６
質問４２７,回答４２７
質問４２８,回答４２８
質問４２９,回答４２９
質問４３０,回答４３０
質問４３１,回答４３１
質問４３２,回答４３２
質問４３３,回答４３３
質問４３４,回答４３４
質問４３５,回答４３５
質問４３６,回答４３６
質問４３７,回答４３７
質問４３８,回答４３８
質問４３９,回答４３９
質問４４０,回答４４０
質問４４１,回答４４１
質問４４２,回答４４２
質問４４３,回答４４３
質問４４４,回答４４４
質問４４５,回答４４５
質問４４６,回答４４６
質問４４７,回答４４７
質問４４８,回答４４８
質問４４９,回答４４９
質問４５０,回答４５０
質問４５１,回答４５１
質問４５２,回答４５２
質問４５３,回答４５３
質問４５４,回答４５４
質問４５５,回答４５５
質問４５６,回答４５６
質問４５７,回答４５７
質問４５８,回答４５８
質問４５９,回答４５９
質問４６０,回答４６０
質問４６１,回答４６１
質問４６２,回答４６２
質問４６３,回答４６３
質問４６４,回答４６４
質問４６５,回答４６５
質問４６６,回答４６６
質問４６７,回答４６７
質問４６８,回答４６８
質問４６９,回答４６９
質問４７０,回答４７０
質問４７１,回答４７１
質問４７２,回答４７２
質問４７３,回答４７３
質問４７４,回答４７４
質問４７５,回答４７５
質問４７６,回答４７６
質問４７７,回答４７７
質問４７８,回答４７８
質問４７９,回答４７９
質問４８０,回答４８０
質問４８１,回答４８１
質問４８２,回答４８２
質問４８３,回答４８３
質問４８４,回答４８４
質問４８５,回答４８５
質問４８６,回答４８６
質問４８７,回答４８７
質問４８８,回答４８８
質問４８９,回答４８９
質問４９０,回答４９０
質問４９１,回答４９１
質問４９２,回答４９２
質問４９３,回答４９３
質問４９４,回答４９４
質問４９５,回答４９５
質問４９６,回答４９６
質問４９７,回答４９７
質問４９８,回答４９８
質問４９９,回答４９９
質問５００,回答５００
質問５０１,回答５０１
質問５０２,回答５０２
質問５０３,回答５０３
質問５０４,回答５０４
質問５０５,回答５０５
質問５０６,回答５０６
質問５０７,回答５０７
質問５０８,回答５０８
質問５０９,回答５０９
質問５１０,回答５１０
質問５１１,回答５１１
質問５１２,回答５１２
質問５１３,回答５１３
質問５１４,回答５１４
質問５１５,回答５１５
質問５１６,回答５１６
質問５１７,回答５１７
質問５１８,回答５１８
質問５１９,回答５１９
質問５２０,回答５２０
質問５２１,回答５２１
質問５２２,回答５２２
質問５２３,回答５２３
質問５２４,回答５２４
質問５２５,回答５２５
質問５２６,回答５２６
質問５２７,回答５２７
質問５２８,回答５２８
質問５２９,回答５２９
質問５３０,回答５３０
質問５３１,回答５３１
質問５３２,回答５３２
質問５３３,回答５３３
質問５３４,回答５３４
質問５３５,回答５３５
質問５３６,回答５３６
質問５３７,回答５３７
質問５３８,回答５３８
質問５３９,回答５３９
質問５４０,回答５４０
質問５４１,回答５４１
質問５４２,回答５４２
質問５４３,回答５４３
質問５４４,回答５４４
質問５４５,回答５４５
質問５４６,回答５４６
質問５４７,回答５４７
質問５４８,回答５４８
質問５４９,回答５４９
質問５５０,回答５５０
質問５５１,回答５５１
質問５５２,回答５５２
質問５５３,回答５５３
質問５５４,回答５５４
質問５５５,回答５５５
質問５５６,回答５５６
質問５５７,回答５５７
質問５５８,回答５５８
質問５５９,回答５５９
質問５６０,回答５６０
質問５６１,回答５６１
質問５６２,回答５６２
質問５６３,回答５６３
質問５６４,回答５６４
質問５６５,回答５６５
質問５６６,回答５６６
質問５６７,回答５６７
質問５６８,回答５６８
質問５６９,回答５６９
質問５７０,回答５７０
質問５７１,回答５７１
質問５７２,回答５７２
質問５７３,回答５７３
質問５７４,回答５７４
質問５７５,回答５７５
質問５７６,回答５７６
質問５７７,回答５７７
質問５７８,回答５７８
質問５７９,回答５７９
質問５８０,回答５８０
質問５８１,回答５８１
質問５８２,回答５８２
質問５８３,回答５８３
質問５８４,回答５８４
質問５８５,回答５８５
質問５８６,回答５８６
質問５８７,回答５８７
質問５８８,回答５８８
質問５８９,回答５８９
質問５９０,回答５９０
質問５９１,回答５９１
質問５９２,回答５９２
質問５９３,回答５９３
質問５９４,回答５９４
質問５９５,回答５９５
質問５９６,回答５９６
質問５９７,回答５９７
質問５９８,回答５９８
質問５９９,回答５９９
質問６００,回答６００
質問６０１,回答６０１
質問６０２,回答６０２
質問６０３,回答６０３
質問６０４,回答６０４
質問６０５,回答６０５
質問６０６,回答６０６
質問６０７,回答６０７
質問６０８,回答６０８
質問６０９,回答６０９
質問６１０,回答６１０
質問６１１,回答６１１
質問６１２,回答６１２
質問６１３,回答６１３
質問６１４,回答６１４
質問６１５,回答６１５
質問６１６,回答６１６
質問６１７,回答６１７
質問６１８,回答６１８
質問６１９,回答６１９
質問６２０,回答６２０
質問６２１,回答６２１
質問６２２,回答６２２
質問６２３,回答６２３
質問６２４,回答６２４
質問６２５,回答６２５
質問６２６,回答６２６
質問６２７,回答６２７
質問６２８,回答６２８
質問６２９,回答６２９
質問６３０,回答６３０
質問６３１,回答６３１
質問６３２,回答６３２
質問６３３,回答６３３
質問６３４,回答６３４
質問６３５,回答６３５
質問６３６,回答６３６
質問６３７,回答６３７
質問６３８,回答６３８
質問６３９,回答６３９
質問６４０,回答６４０
質問６４１,回答６４１
質問６４２,回答６４２
質問６４３,回答６４３
質問６４４,回答６４４
質問６４５,回答６４５
質問６４６,回答６４６
質問６４７,回答６４７
質問６４８,回答６４８
質問６４９,回答６４９
質問６５０,回答６５０
質問６５１,回答６５１
質問６５２,回答６５２
質問６５３,回答６５３
質問６５４,回答６５４
質問６５５,回答６５５
質問６５６,回答６５６
質問６５７,回答６５７
質問６５８,回答６５８
質問６５９,回答６５９
質問６６０,回答６６０
質問６６１,回答６６１
質問６６２,回答６６２
質問６６３,回答６６３
質問６６４,回答６６４
質問６６５,回答６６５
質問６６６,回答６６６
質問６６７,回答６６７
質問６６８,回答６６８
質問６６９,回答６６９
質問６７０,回答６７０
質問６７１,回答６７１
質問６７２,回答６７２
質問６７３,回答６７３
質問６７４,回答６７４
質問６７５,回答６７５
質問６７６,回答６７６
質問６７７,回答６７７
質問６７８,回答６７８
質問６７９,回答６７９
質問６８０,回答６８０
質問６８１,回答６８１
質問６８２,回答６８２
質問６８３,回答６８３
質問６８４,回答６８４
質問６８５,回答６８５
質問６８６,回答６８６
質問６８７,回答６８７
質問６８８,回答６８８
質問６８９,回答６８９
質問６９０,回答６９０
質問６９１,回答６９１
質問６９２,回答６９２
質問６９３,回答６９３
質問６９４,回答６９４
質問６９５,回答６９５
質問６９６,回答６９６
質問６９７,回答６９７
質問６９８,回答６９８
質問６９９,回答６９９
質問７００,回答７００
質問７０１,回答７０１
質問７０２,回答７０２
質問７０３,回答７０３
質問７０４,回答７０４
質問７０５,回答７０５
質問７０６,回答７０６
質問７０７,回答７０７
質問７０８,回答７０８
質問７０９,回答７０９
質問７１０,回答７１０
質問７１１,回答７１１
質問７１２,回答７１２
質問７１３,回答７１３
質問７１４,回答７１４
質問７１５,回答７１５
質問７１６,回答７１６
質問７１７,回答７１７
質問７１８,回答７１８
質問７１９,回答７１９
質問７２０,回答７２０
質問７２１,回答７２１
質問７２２,回答７２２
質問７２３,回答７２３
質問７２４,回答７２４
質問７２５,回答７２５
質問７２６,回答７２６
質問７２７,回答７２７
質問７２８,回答７２８
質問７２９,回答７２９
質問７３０,回答７３０
質問７３１,回答７３１
質問７３２,回答７３２
質問７３３,回答７３３
質問７３４,回答７３４
質問７３５,回答７３５
質問７３６,回答７３６
質問７３７,回答７３７
質問７３８,回答７３８
質問７３９,回答７３９
質問７４０,回答７４０
質問７４１,回答７４１
質問７４２,回答７４２
質問７４３,回答７４３
質問７４４,回答７４４
質問７４５,回答７４５
質問７４６,回答７４６
質問７４７,回答７４７
質問７４８,回答７４８
質問７４９,回答７４９
質問７５０,回答７５０
質問７５１,回答７５１
質問７５２,回答７５２
質問７５３,回答７５３
質問７５４,回答７５４
質問７５５,回答７５５
質問７５６,回答７５６
質問７５７,回答７５７
質問７５８,回答７５８
質問７５９,回答７５９
質問７６０,回答７６０
質問７６１,回答７６１
質問７６２,回答７６２
質問７６３,回答７６３
質問７６４,回答７６４
質問７６５,回答７６５
質問７６６,回答７６６
質問７６７,回答７６７
質問７６８,回答７６８
質問７６９,回答７６９
質問７７０,回答７７０
質問７７１,回答７７１
質問７７２,回答７７２
質問７７３,回答７７３
質問７７４,回答７７４
質問７７５,回答７７５
質問７７６,回答７７６
質問７７７,回答７７７
質問７７８,回答７７８
質問７７９,回答７７９
質問７８０,回答７８０
質問７８１,回答７８１
質問７８２,回答７８２
質問７８３,回答７８３
質問７８４,回答７８４
質問７８５,回答７８５
質問７８６,回答７８６
質問７８７,回答７８７
質問７８８,回答７８８
質問７８９,回答７８９
質問７９０,回答７９０
質問７９１,回答７９１
質問７９２,回答７９２
質問７９３,回答７９３
質問７９４,回答７９４
質問７９５,回答７９５
質問７９６,回答７９６
質問７９７,回答７９７
質問７９８,回答７９８
質問７９９,回答７９９
質問８００,回答８００
質問８０１,回答８０１
質問８０２,回答８０２
質問８０３,回答８０３
質問８０４,回答８０４
質問８０５,回答８０５
質問８０６,回答８０６
質問８０７,回答８０７
質問８０８,回答８０８
質問８０９,回答８０９
質問８１０,回答８１０
質問８１１,回答８１１
質問８１２,回答８１２
質問８１３,回答８１３
質問８１４,回答８１４
質問８１５,回答８１５
質問８１６,回答８１６
質問８１７,回答８１７
質問８１８,回答８１８
質問８１９,回答８１９
質問８２０,回答８２０
質問８２１,回答８２１
質問８２２,回答８２２
質問８２３,回答８２３
質問８２４,回答８２４
質問８２５,回答８２５
質問８２６,回答８２６
質問８２７,回答８２７
質問８２８,回答８２８
質問８２９,回答８２９
質問８３０,回答８３０
質問８３１,回答８３１
質問８３２,回答８３２
質問８３３,回答８３３
質問８３４,回答８３４
質問８３５,回答８３５
質問８３６,回答８３６
質問８３７,回答８３７
質問８３８,回答８３８
質問８３９,回答８３９
質問８４０,回答８４０
質問８４１,回答８４１
質問８４２,回答８４２
質問８４３,回答８４３
質問８４４,回答８４４
質問８４５,回答８４５
質問８４６,回答８４６
質問８４７,回答８４７
質問８４８,回答８４８
質問８４９,回答８４９
質問８５０,回答８５０
質問８５１,回答８５１
質問８５２,回答８５２
質問８５３,回答８５３
質問８５４,回答８５４
質問８５５,回答８５５
質問８５６,回答８５６
質問８５７,回答８５７
質問８５８,回答８５８
質問８５９,回答８５９
質問８６０,回答８６０
質問８６１,回答８６１
質問８６２,回答８６２
質問８６３,回答８６３
質問８６４,回答８６４
質問８６５,回答８６５
質問８６６,回答８６６
質問８６７,回答８６７
質問８６８,回答８６８
質問８６９,回答８６９
質問８７０,回答８７０
質問８７１,回答８７１
質問８７２,回答８７２
質問８７３,回答８７３
質問８７４,回答８７４
質問８７５,回答８７５
質問８７６,回答８７６
質問８７７,回答８７７
質問８７８,回答８７８
質問８７９,回答８７９
質問８８０,回答８８０
質問８８１,回答８８１
質問８８２,回答８８２
質問８８３,回答８８３
質問８８４,回答８８４
質問８８５,回答８８５
質問８８６,回答８８６
質問８８７,回答８８７
質問８８８,回答８８８
質問８８９,回答８８９
質問８９０,回答８９０
質問８９１,回答８９１
質問８９２,回答８９２
質問８９３,回答８９３
質問８９４,回答８９４
質問８９５,回答８９５
質問８９６,回答８９６
質問８９７,回答８９７
質問８９８,回答８９８
質問８９９,回答８９９
質問９００,回答９００
質問９０１,回答９０１
質問９０２,回答９０２
質問９０３,回答９０３
質問９０４,回答９０４
質問９０５,回答９０５
質問９０６,回答９０６
質問９０７,回答９０７
質問９０８,回答９０８
質問９０９,回答９０９
質問９１０,回答９１０
質問９１１,回答９１１
質問９１２,回答９１２
質問９１３,回答９１３
質問９１４,回答９１４
質問９１５,回答９１５
質問９１６,回答９１６
質問９１７,回答９１７
質問９１８,回答９１８
質問９１９,回答９１９
質問９２０,回答９２０
質問９２１,回答９２１
質問９２２,回答９２２
質問９２３,回答９２３
質問９２４,回答９２４
質問９２５,回答９２５
質問９２６,回答９２６
質問９２７,回答９２７
質問９２８,回答９２８
質問９２９,回答９２９
質問９３０,回答９３０
質問９３１,回答９３１
質問９３２,回答９３２
質問９３３,回答９３３
質問９３４,回答９３４
質問９３５,回答９３５
質問９３６,回答９３６
質問９３７,回答９３７
質問９３８,回答９３８
質問９３９,回答９３９
質問９４０,回答９４０
質問９４１,回答９４１
質問９４２,回答９４２
質問９４３,回答９４３
質問９４４,回答９４４
質問９４５,回答９４５
質問９４６,回答９４６
質問９４７,回答９４７
質問９４８,回答９４８
質問９４９,回答９４９
質問９５０,回答９５０
質問９５１,回答９５１
質問９５２,回答９５２
質問９５３,回答９５３
質問９５４,回答９５４
質問９５５,回答９５５
質問９５６,回答９５６
質問９５７,回答９５７
質問９５８,回答９５８
質問９５９,回答９５９
質問９６０,回答９６０
質問９６１,回答９６１
質問９６２,回答９６２
質問９６３,回答９６３
質問９６４,回答９６４
質問９６５,回答９６５
質問９６６,回答９６６
質問９６７,回答９６７
質問９６８,回答９６８
質問９６９,回答９６９
質問９７０,回答９７０
質問９７１,回答９７１
質問９７２,回答９７２
質問９７３,回答９７３
質問９７４,回答９７４
質問９７５,回答９７５
質問９７６,回答９７６
質問９７７,回答９７７
質問９７８,回答９７８
質問９７９,回答９７９
質問９８０,回答９８０
質問９８１,回答９８１
質問９８２,回答９８２
質問９８３,回答９８３
質問９８４,回答９８４
質問９８５,回答９８５
質問９８６,回答９８６
質問９８７,回答９８７
質問９８８,回答９８８
質問９８９,回答９８９
質問９９０,回答９９０
質問９９１,回答９９１
質問９９２,回答９９２
質問９９３,回答９９３
質問９９４,回答９９４
質問９９５,回答９９５
質問９９６,回答９９６
質問９９７,回答９９７
質問９９８,回答９９８
質問９９９,回答９９９
質問１０００,回答１０００
質問１００１,回答１００１
